platform,url,,
levanta,https://www.amazon.com/dp/B0CS9RQTFC?maas=maas_adg_api_584724442338921539_static_9_129&ref_=aa_maas&tag=maas&aa_campaignid=lv_7oTfw2GqIj8Hchh15O&aa_adgroupid=lv_zMt98BvW6L7Ml5xhIo&aa_creativeid=lv_ozgRuU0Yr0cPgSaPdL&m=AXT11B3W0G30N,,
levanta,https://www.amazon.com/dp/B084Z1Z1N9?maas=maas_adg_api_584724442338921539_static_9_129&ref_=aa_maas&tag=maas&aa_campaignid=lv_8wMcA5uN9H1uCzVq6V&aa_adgroupid=lv_SsIAmh7VnE8dDPOWoW&aa_creativeid=lv_6nXeBk8Sl7anubatTU&m=AXT11B3W0G30N,,
levanta,https://www.amazon.com/dp/B08K9YW195?maas=maas_adg_api_578280083349505967_static_9_129&ref_=aa_maas&tag=maas&aa_campaignid=lv_nONH2gtqNRo1g1nZR8&aa_adgroupid=lv_Vw7rNejUh2bI9ObgIm&aa_creativeid=lv_QjM03zGxjXy9FqzLcB&m=A8EMPBC11UY5Y,,
levanta,https://www.amazon.com/dp/B0BLFTY6FW?maas=maas_adg_api_584731704732006011_static_9_129&ref_=aa_maas&tag=maas&aa_campaignid=lv_j4HjWgGpLAWlEHd6TZ&aa_adgroupid=lv_2VjJZHWgcgVqzT8V3e&aa_creativeid=lv_anG9T5Q56rTl9Qxadi&m=A2O4N7WKMWYEJP,,
levanta,https://www.amazon.com/dp/B0DSPZJKTB?maas=maas_adg_api_593428837567286835_static_9_129&ref_=aa_maas&tag=maas&aa_campaignid=lv_x0jWyeJiFW7X3AW6p9&aa_adgroupid=lv_Me7o8OzTQo8Sxz2qHj&aa_creativeid=lv_raTl0z8t9jeAVocSqT&m=A3R5Y1KS1K0XMG&th=1,,
levanta,https://www.amazon.com/dp/B0D2XXF8ZT?maas=maas_adg_api_584724442338921539_static_9_129&ref_=aa_maas&tag=maas&aa_campaignid=lv_7oTfw2GqIj8Hchh15O&aa_adgroupid=lv_AJ4TkVq0UbA4JPkhH9&aa_creativeid=lv_GOuW9UKewW9xnNMW6E&m=AXT11B3W0G30N,,
levanta,https://www.amazon.com/dp/B0D2XZ7XPF?maas=maas_adg_api_584724442338921539_static_9_129&ref_=aa_maas&tag=maas&aa_campaignid=lv_L51HgSw9UTp8KTko0R&aa_adgroupid=lv_Slcbrc7eXPg6jvKXC1&aa_creativeid=lv_lzcks75EkmEgCmEVZA&m=AXT11B3W0G30N,,
levanta,https://www.amazon.com/dp/B07B2W5R6G?maas=maas_adg_api_578280083349505967_static_9_129&ref_=aa_maas&tag=maas&aa_campaignid=lv_S9kZNhZm5K7DOYagi9&aa_adgroupid=lv_LLJ9OF0kh1ilpiGOgO&aa_creativeid=lv_sTFATp6EOgjpEkxQ3q&m=A8EMPBC11UY5Y,,
levanta,https://www.amazon.com/dp/B0973F5L9J?maas=maas_adg_api_578280083349505967_static_9_129&ref_=aa_maas&tag=maas&aa_campaignid=lv_S9kZNhZm5K7DOYagi9&aa_adgroupid=lv_ZZIxxtXxnrllTcF4W2&aa_creativeid=lv_6JTTGYINmUFBGM6ZXh&m=A8EMPBC11UY5Y,,
levanta,https://amazon.com/dp/B08HWNLDPC?maas=maas_adg_api_584724442338921539_static_9_129&ref_=aa_maas&tag=maas&aa_campaignid=lv_yxoNI8JnMTEYlrO6qZ&aa_adgroupid=lv_3Cjyuy4ZElhcdbciL8&aa_creativeid=lv_huApYF2EwKQlf2pMxs&m=AXT11B3W0G30N,,
amazon,https://amazon.com/dp/B09B2HFXT4?maas=maas_adg_api_577077718891125367_static_9_129&ref_=aa_maas&tag=homeprinciple-20&aa_campaignid=lv_C1scy4ATgqRAqprhdZ&aa_adgroupid=lv_k25OgZOSOZkB2gd4kF&aa_creativeid=lv_YZNkOixv3BcY67NWCi&m=A1I4V640HSOLK3,,https://amazon.com/dp/B09H4T4Y48?maas=maas_adg_api_577077718891125367_static_9_129&ref_=aa_maas&tag=homeprinciple-20&aa_campaignid=lv_4vr8AtE5kLRJeEpGMj&aa_adgroupid=lv_6QcdAxZeWAKFNXNI53&aa_creativeid=lv_NQBcThvfRoyLlo0N6j&m=A1I4V640HSOLK3
amazon,https://amazon.com/dp/B0BRYKPH9J?tag=homeprinciple-20,,
levanta,https://www.amazon.com/DreamFit-Degree-Bamboo-Rayon-Blend/dp/B00WL6Y6PG?th=1&linkCode=ll1&tag=aehp-20&linkId=341b1260d42750eb553f080d39bbf88e&language=en_US&ref_=as_li_ss_tl,,
levanta,https://www.amazon.com/DreamFit-4-Degree-Preferred-100-Percent-Egyptian/dp/B0057RJ1F6?th=1&linkCode=ll1&tag=aehp-20&linkId=0b00fc6fbdf15633f0e8e824dbe0c85e&language=en_US&ref_=as_li_ss_tl,,
levanta,https://amazon.com/dp/B0B1G3945W?maas=maas_adg_api_585469917187664326_static_9_129&ref_=aa_maas&tag=homeprinciple-20&aa_campaignid=lv_Tb1d28fRca4mmQEf1w&aa_adgroupid=lv_J5mFLOkDAi2JaD32Cq&aa_creativeid=lv_heFmTc6bj63mafrIWU&m=A3UBXJ2R9SZ9Z4,,
levanta,https://amazon.com/dp/B0C7L1J2LC?maas=maas_adg_api_587949735981289087_static_9_129&ref_=aa_maas&tag=maas&aa_campaignid=lv_TYLETsfDItQIWJ3796&aa_adgroupid=lv_NiA8BZx6petB7f5BjP&aa_creativeid=lv_bif7mRDsi1oxw9o8mv&m=A3LDROY0BE4ISH,,
levanta,https://www.amazon.com/BOLL-BRANCH-Signature-Hemmed-Sheet/dp/B0BHZQ5G2Y?th=1&linkCode=ll1&tag=aehp-20&linkId=4a3a7d3af36be52b2296f0c5a465f1a9&language=en_US&ref_=as_li_ss_tl,,
levanta,https://www.amazon.com/BOLL-BRANCH-Signature-Hemmed-Sheet/dp/B0BHZSJ4QK?th=1&linkCode=ll1&tag=aehp-20&linkId=439c467d7cf692a24e5667e5bb9bed6e&language=en_US&ref_=as_li_ss_tl,,
levanta,https://www.amazon.com/dp/B08M9SMVSG?maas=maas_adg_api_577243876468331688_static_9_129&ref_=aa_maas&tag=maas&aa_campaignid=lv_lntD3Kkxwyg1nFqRjx&aa_adgroupid=lv_EX0nX0HiuY5d9BJ4at&aa_creativeid=lv_LSyQgrrz9fya59ZBSi&th=1,,
levanta,https://www.amazon.com/dp/B079TH5HL3?maas=maas_adg_api_585469917187664326_static_9_129&ref_=aa_maas&tag=maas&aa_campaignid=lv_70EBarMzHWsfTsY9Ao&aa_adgroupid=lv_A0oc1dsRPL1Uvzo7rD&aa_creativeid=lv_BYyssizlEfuNtT6Jok&m=A3UBXJ2R9SZ9Z4,,
levanta,https://www.amazon.com/dp/B0DZT7NYRY?maas=maas_adg_api_584724442338921539_static_9_129&ref_=aa_maas&tag=maas&aa_campaignid=lv_ob9yDNldICiqbxrbnn&aa_adgroupid=lv_NqmWqr4wlf1PB8gNMF&aa_creativeid=lv_Wp1O0Rcu7UBYykowsX&m=AXT11B3W0G30N,,
amazon_associates,https://www.amazon.com/dp/B0F14JH29W?ref=t_ac_view_request_product_image&campaignId=amzn1.campaign.32QXQQL5FFKBN&linkCode=tr1&tag=homeprinciple-20&linkId=amzn1.campaign.32QXQQL5FFKBN_1757342242287,,
amazon_associates,https://www.amazon.com/dp/B0F14CRR1X?ref=t_ac_view_request_product_image&campaignId=amzn1.campaign.1VES9ZRQJS6T1&linkCode=tr1&tag=homeprinciple-20&linkId=amzn1.campaign.1VES9ZRQJS6T1_1757342441079&th=1,,
amazon_associates,https://www.amazon.com/dp/B0CNGSP5G4?ref=t_ac_view_request_product_image&campaignId=amzn1.campaign.3VBDCQZ1XCDQV&linkCode=tr1&tag=homeprinciple-20&linkId=amzn1.campaign.3VBDCQZ1XCDQV_1757342506646,,
amazon_associates,https://www.amazon.com/dp/B0F2SWQTLL?ref=t_ac_view_request_product_image&campaignId=amzn1.campaign.2NIQXLEDDRDQF&linkCode=tr1&tag=homeprinciple-20&linkId=amzn1.campaign.2NIQXLEDDRDQF_1757342558278,,
amazon_associates,https://www.amazon.com/dp/B0CMFS482V?ref=t_ac_view_request_product_image&campaignId=amzn1.campaign.204G4REGX075N&linkCode=tr1&tag=homeprinciple-20&linkId=amzn1.campaign.204G4REGX075N_1757342757819,,
levanta,https://www.amazon.com/dp/B08BHQ9CKS?maas=maas_adg_api_577243876468331688_static_9_129&ref_=aa_maas&tag=maas&aa_campaignid=lv_lntD3Kkxwyg1nFqRjx&aa_adgroupid=lv_YqBzfrkEFBWO61KQn2&aa_creativeid=lv_2tqo1rvrL3rV8kxl3x&m=A1AXL20TGZNU1I,,
levanta,https://www.amazon.com/dp/B08M9CCRF9?maas=maas_adg_api_577243876468331688_static_9_129&ref_=aa_maas&tag=maas&aa_campaignid=lv_uiarTTXn3g4DJBdkzu&aa_adgroupid=lv_lPQNReLWOciE9qOoUs&aa_creativeid=lv_kEuvrvwZtzDrbIdZiP&m=A1AXL20TGZNU1I,,
levanta,https://www.amazon.com/dp/B08KQ5GZ9J?maas=maas_adg_api_577243876468331688_static_9_129&ref_=aa_maas&tag=maas&aa_campaignid=lv_uiarTTXn3g4DJBdkzu&aa_adgroupid=lv_eTqvIw2fBdULhXp1sp&aa_creativeid=lv_2xhEQd17bwqxJHbgmJ&m=A1AXL20TGZNU1I,,
levanta,https://www.amazon.com/dp/B09TS6M31G?maas=maas_adg_api_577243876468331688_static_9_129&ref_=aa_maas&tag=maas&aa_campaignid=lv_VhmdEFKI3OKW4FC3ai&aa_adgroupid=lv_1uogXzdIhJetKlfhcH&aa_creativeid=lv_VnAI15NUAFlxtIdytM&m=A1AXL20TGZNU1I,,
levanta,https://www.amazon.com/dp/B09TS8FW9M?maas=maas_adg_api_577243876468331688_static_9_129&ref_=aa_maas&tag=maas&aa_campaignid=lv_VhmdEFKI3OKW4FC3ai&aa_adgroupid=lv_lIz9i9Xj3ZgZ2S1iBP&aa_creativeid=lv_JgCLyxcB13honf79EZ&m=A1AXL20TGZNU1I,,
levanta,https://www.amazon.com/dp/B09TS63D72?maas=maas_adg_api_577243876468331688_static_9_129&ref_=aa_maas&tag=maas&aa_campaignid=lv_VhmdEFKI3OKW4FC3ai&aa_adgroupid=lv_5xf0FhmZO0ugaNpvch&aa_creativeid=lv_Bo5dpe28ws4zlZNvgg&m=A1AXL20TGZNU1I,,
levanta,https://www.amazon.com/dp/B08LBGDC48?maas=maas_adg_api_578280083349505967_static_9_129&ref_=aa_maas&tag=maas&aa_campaignid=lv_c2eYyiumGI8EbmFwxe&aa_adgroupid=lv_Y7cr4L4wp8NNcNsLKY&aa_creativeid=lv_2Hn18ak4qQRyDcC3IY&m=A8EMPBC11UY5Y,,
levanta,https://www.amazon.com/dp/B0BH54TJPQ?maas=maas_adg_api_578280083349505967_static_9_129&ref_=aa_maas&tag=maas&aa_campaignid=lv_YO1etYP9DOSsjvY5lV&aa_adgroupid=lv_6el9XbyHWgARc6f8uR&aa_creativeid=lv_rj4y4WMzUjzvpnxhOa&m=A8EMPBC11UY5Y,,
levanta,https://www.amazon.com/dp/B0D1K6KGQ1?maas=maas_adg_api_593428837567286835_static_9_129&ref_=aa_maas&tag=maas&aa_campaignid=lv_aXSvMY4kshh43tIMot&aa_adgroupid=lv_WbMhkiDTl0WFAKC9I9&aa_creativeid=lv_QqrzQ8qSnJ1sFVnHIF&m=A3R5Y1KS1K0XMG,,
levanta,https://www.amazon.com/dp/B0DSPZJKTB?maas=maas_adg_api_593428837567286835_static_9_129&ref_=aa_maas&tag=maas&aa_campaignid=lv_x0jWyeJiFW7X3AW6p9&aa_adgroupid=lv_Me7o8OzTQo8Sxz2qHj&aa_creativeid=lv_raTl0z8t9jeAVocSqT&m=A3R5Y1KS1K0XMG,,
levanta,https://www.amazon.com/dp/B0DSQ356QP?maas=maas_adg_api_593428837567286835_static_9_129&ref_=aa_maas&tag=maas&aa_campaignid=lv_oiIsRnxL9gFxG8rbom&aa_adgroupid=lv_6cCV2iHC00v9DfPtvn&aa_creativeid=lv_JWr7thRM4vb9WEq946&m=A3R5Y1KS1K0XMG,,
levanta,https://www.amazon.com/dp/B0DSPZW62X?maas=maas_adg_api_593428837567286835_static_9_129&ref_=aa_maas&tag=maas&aa_campaignid=lv_x0jWyeJiFW7X3AW6p9&aa_adgroupid=lv_Ak0dkxUYcJPCbDfL5V&aa_creativeid=lv_Lb3cwH4rLQiAhPGiaQ&m=A3R5Y1KS1K0XMG,,
levanta,https://www.amazon.com/dp/B0CSM6ZJY2?maas=maas_adg_api_593428837567286835_static_9_129&ref_=aa_maas&tag=maas&aa_campaignid=lv_aXSvMY4kshh43tIMot&aa_adgroupid=lv_vru4kRXeVbbv2fYAdT&aa_creativeid=lv_yHZAZYZs7EIJVPR72j&m=A3R5Y1KS1K0XMG,,